{
    "random_10x10": {
        "average_turns": 5.07,
        "average_turn_time": 0.00020897000000000003
    },
    "random_15x15": {
        "average_turns": 4.59,
        "average_turn_time": 0.00015257999999999998
    },
    "random_20x20": {
        "average_turns": 4.69,
        "average_turn_time": 0.00015701
    },
    "simple_10x10": {
        "average_turns": 264.58,
        "average_turn_time": 0.00010789
    },
    "simple_15x15": {
        "average_turns": 342.28,
        "average_turn_time": 0.00012321999999999995
    },
    "simple_20x20": {
        "average_turns": 313.84,
        "average_turn_time": 0.00014068999999999998
    }
}